{
  "v7": {
    "2": {
      "gen_match": 0.7802083333333333,
      "valid": 960,
      "per_category": {
        "0": {
          "accuracy": 0.7354166666666667,
          "n": 480,
          "correct": 353
        },
        "1": {
          "accuracy": 0.825,
          "n": 480,
          "correct": 396
        }
      },
      "mean_surprise": 1.7612782660609136,
      "median_surprise": 2.0,
      "gof": 0.8020962997354814,
      "gof_per_category": {
        "0": 0.7394345694562693,
        "1": 0.8643960893475742
      }
    },
    "4": {
      "gen_match": 0.7989583333333333,
      "valid": 960,
      "per_category": {
        "0": {
          "accuracy": 0.7708333333333334,
          "n": 480,
          "correct": 370
        },
        "1": {
          "accuracy": 0.8270833333333333,
          "n": 480,
          "correct": 397
        }
      },
      "mean_surprise": 1.7612782660609136,
      "median_surprise": 2.0,
      "gof": 0.6478655714361168,
      "gof_per_category": {
        "0": 0.6440057703838662,
        "1": 0.651725372488368
      }
    }
  },
  "v8": {
    "2": {
      "gen_match": 0.796875,
      "valid": 960,
      "per_category": {
        "0": {
          "accuracy": 0.7875,
          "n": 480,
          "correct": 378
        },
        "1": {
          "accuracy": 0.80625,
          "n": 480,
          "correct": 387
        }
      },
      "mean_surprise": 1.7030988379976881,
      "median_surprise": 1.415037499278844,
      "gof": 0.7821532905205428,
      "gof_per_category": {
        "0": 0.7050353144891572,
        "1": 0.8586076110804555
      }
    },
    "4": {
      "gen_match": 0.8114583333333333,
      "valid": 960,
      "per_category": {
        "0": {
          "accuracy": 0.8,
          "n": 480,
          "correct": 384
        },
        "1": {
          "accuracy": 0.8229166666666666,
          "n": 480,
          "correct": 395
        }
      },
      "mean_surprise": 1.7030988379976881,
      "median_surprise": 1.415037499278844,
      "gof": 0.6348306720093585,
      "gof_per_category": {
        "0": 0.6174517830086454,
        "1": 0.6522095610100733
      }
    }
  }
}