{
  "v7": {
    "2": {
      "gen_match": 0.6354166666666666,
      "valid": 960,
      "parsed": 942,
      "unparsed": 18,
      "parse_rate": 0.98125,
      "per_category": {
        "0": {
          "accuracy": 0.6145833333333334,
          "n": 480,
          "correct": 295
        },
        "1": {
          "accuracy": 0.65625,
          "n": 480,
          "correct": 315
        }
      },
      "mean_surprise": 0.9919736717803483,
      "median_surprise": 1.0,
      "gof": 0.7499291499158174,
      "gof_per_category": {
        "0": 0.7077801396208883,
        "1": 0.7812831407078188
      }
    },
    "4": {
      "gen_match": 0.625,
      "valid": 960,
      "parsed": 944,
      "unparsed": 16,
      "parse_rate": 0.9833333333333333,
      "per_category": {
        "0": {
          "accuracy": 0.6083333333333333,
          "n": 480,
          "correct": 292
        },
        "1": {
          "accuracy": 0.6416666666666667,
          "n": 480,
          "correct": 308
        }
      },
      "mean_surprise": 0.9919736717803483,
      "median_surprise": 1.0,
      "gof": 0.7455837217143007,
      "gof_per_category": {
        "0": 0.7138466928932286,
        "1": 0.769305150808129
      }
    },
    "6": {
      "gen_match": 0.6291666666666667,
      "valid": 960,
      "parsed": 947,
      "unparsed": 13,
      "parse_rate": 0.9864583333333333,
      "per_category": {
        "0": {
          "accuracy": 0.6145833333333334,
          "n": 480,
          "correct": 295
        },
        "1": {
          "accuracy": 0.64375,
          "n": 480,
          "correct": 309
        }
      },
      "mean_surprise": 0.9919736717803483,
      "median_surprise": 1.0,
      "gof": 0.7445000193005052,
      "gof_per_category": {
        "0": 0.7023872470778643,
        "1": 0.774918648052502
      }
    },
    "8": {
      "gen_match": 0.6197916666666666,
      "valid": 960,
      "parsed": 943,
      "unparsed": 17,
      "parse_rate": 0.9822916666666667,
      "per_category": {
        "0": {
          "accuracy": 0.6104166666666667,
          "n": 480,
          "correct": 293
        },
        "1": {
          "accuracy": 0.6291666666666667,
          "n": 480,
          "correct": 302
        }
      },
      "mean_surprise": 0.9919736717803483,
      "median_surprise": 1.0,
      "gof": 0.7411454183348742,
      "gof_per_category": {
        "0": 0.7083594457464852,
        "1": 0.7649554367775335
      }
    }
  },
  "v8": {
    "2": {
      "gen_match": 0.6729166666666667,
      "valid": 960,
      "parsed": 954,
      "unparsed": 6,
      "parse_rate": 0.99375,
      "per_category": {
        "0": {
          "accuracy": 0.6458333333333334,
          "n": 480,
          "correct": 310
        },
        "1": {
          "accuracy": 0.7,
          "n": 480,
          "correct": 336
        }
      },
      "mean_surprise": 0.9747556248918265,
      "median_surprise": 1.0,
      "gof": 0.762397326868951,
      "gof_per_category": {
        "0": 0.7037371210295201,
        "1": 0.8081344373075148
      }
    },
    "4": {
      "gen_match": 0.659375,
      "valid": 960,
      "parsed": 948,
      "unparsed": 12,
      "parse_rate": 0.9875,
      "per_category": {
        "0": {
          "accuracy": 0.625,
          "n": 480,
          "correct": 300
        },
        "1": {
          "accuracy": 0.69375,
          "n": 480,
          "correct": 333
        }
      },
      "mean_surprise": 0.9747556248918265,
      "median_surprise": 1.0,
      "gof": 0.7506131287399785,
      "gof_per_category": {
        "0": 0.6895958673768672,
        "1": 0.7985709054357786
      }
    },
    "6": {
      "gen_match": 0.6666666666666666,
      "valid": 960,
      "parsed": 949,
      "unparsed": 11,
      "parse_rate": 0.9885416666666667,
      "per_category": {
        "0": {
          "accuracy": 0.6333333333333333,
          "n": 480,
          "correct": 304
        },
        "1": {
          "accuracy": 0.7,
          "n": 480,
          "correct": 336
        }
      },
      "mean_surprise": 0.9747556248918265,
      "median_surprise": 1.0,
      "gof": 0.7548550466718245,
      "gof_per_category": {
        "0": 0.6922867541902811,
        "1": 0.8026712556042402
      }
    },
    "8": {
      "gen_match": 0.6572916666666667,
      "valid": 960,
      "parsed": 946,
      "unparsed": 14,
      "parse_rate": 0.9854166666666667,
      "per_category": {
        "0": {
          "accuracy": 0.6166666666666667,
          "n": 480,
          "correct": 296
        },
        "1": {
          "accuracy": 0.6979166666666666,
          "n": 480,
          "correct": 335
        }
      },
      "mean_surprise": 0.9747556248918265,
      "median_surprise": 1.0,
      "gof": 0.7526960835020958,
      "gof_per_category": {
        "0": 0.6880478902733775,
        "1": 0.8032333782037384
      }
    }
  }
}