{
  "v7": {
    "2": {
      "gen_match": 0.5135416666666667,
      "valid": 960,
      "parsed": 938,
      "unparsed": 22,
      "parse_rate": 0.9770833333333333,
      "per_category": {
        "0": {
          "accuracy": 0.3958333333333333,
          "n": 480,
          "correct": 190
        },
        "1": {
          "accuracy": 0.63125,
          "n": 480,
          "correct": 303
        }
      },
      "mean_surprise": 1.7612782660609136,
      "median_surprise": 2.0,
      "gof": 0.7993713232379022,
      "gof_per_category": {
        "0": 0.7385047278224958,
        "1": 0.8598259819168237
      }
    },
    "4": {
      "gen_match": 0.4947916666666667,
      "valid": 960,
      "parsed": 918,
      "unparsed": 42,
      "parse_rate": 0.95625,
      "per_category": {
        "0": {
          "accuracy": 0.38333333333333336,
          "n": 480,
          "correct": 184
        },
        "1": {
          "accuracy": 0.60625,
          "n": 480,
          "correct": 291
        }
      },
      "mean_surprise": 1.7612782660609136,
      "median_surprise": 2.0,
      "gof": 0.793192600342257,
      "gof_per_category": {
        "0": 0.7414274800174824,
        "1": 0.8452195312107442
      }
    }
  },
  "v8": {
    "2": {
      "gen_match": 0.5,
      "valid": 960,
      "parsed": 929,
      "unparsed": 31,
      "parse_rate": 0.9677083333333333,
      "per_category": {
        "0": {
          "accuracy": 0.38125,
          "n": 480,
          "correct": 183
        },
        "1": {
          "accuracy": 0.61875,
          "n": 480,
          "correct": 297
        }
      },
      "mean_surprise": 1.7030988379976881,
      "median_surprise": 1.415037499278844,
      "gof": 0.7785802349736496,
      "gof_per_category": {
        "0": 0.7033529988427886,
        "1": 0.8536160002619624
      }
    },
    "4": {
      "gen_match": 0.5229166666666667,
      "valid": 960,
      "parsed": 937,
      "unparsed": 23,
      "parse_rate": 0.9760416666666667,
      "per_category": {
        "0": {
          "accuracy": 0.39375,
          "n": 480,
          "correct": 189
        },
        "1": {
          "accuracy": 0.6520833333333333,
          "n": 480,
          "correct": 313
        }
      },
      "mean_surprise": 1.7030988379976881,
      "median_surprise": 1.415037499278844,
      "gof": 0.7908385720327203,
      "gof_per_category": {
        "0": 0.7069788082474793,
        "1": 0.8732035640631871
      }
    }
  }
}