{
  "v7": {
    "2": {
      "gen_match": 0.8395833333333333,
      "valid": 960,
      "per_category": {
        "0": {
          "accuracy": 0.8375,
          "n": 480,
          "correct": 402
        },
        "1": {
          "accuracy": 0.8416666666666667,
          "n": 480,
          "correct": 404
        }
      },
      "mean_surprise": 0.9919736717803483,
      "median_surprise": 1.0,
      "gof": 0.7525357006399227,
      "gof_per_category": {
        "0": 0.7136145655980475,
        "1": 0.7810628270109374
      }
    },
    "4": {
      "gen_match": 0.84375,
      "valid": 960,
      "per_category": {
        "0": {
          "accuracy": 0.8416666666666667,
          "n": 480,
          "correct": 404
        },
        "1": {
          "accuracy": 0.8458333333333333,
          "n": 480,
          "correct": 406
        }
      },
      "mean_surprise": 0.9919736717803483,
      "median_surprise": 1.0,
      "gof": 0.7457158197438146,
      "gof_per_category": {
        "0": 0.714622204453451,
        "1": 0.7688508039192941
      }
    },
    "6": {
      "gen_match": 0.8489583333333334,
      "valid": 960,
      "per_category": {
        "0": {
          "accuracy": 0.8520833333333333,
          "n": 480,
          "correct": 409
        },
        "1": {
          "accuracy": 0.8458333333333333,
          "n": 480,
          "correct": 406
        }
      },
      "mean_surprise": 0.9919736717803483,
      "median_surprise": 1.0,
      "gof": 0.5611278099584998,
      "gof_per_category": {
        "0": 0.554624312813125,
        "1": 0.5663403531470612
      }
    },
    "8": {
      "gen_match": 0.8479166666666667,
      "valid": 960,
      "per_category": {
        "0": {
          "accuracy": 0.85,
          "n": 480,
          "correct": 408
        },
        "1": {
          "accuracy": 0.8458333333333333,
          "n": 480,
          "correct": 406
        }
      },
      "mean_surprise": 0.9919736717803483,
      "median_surprise": 1.0,
      "gof": 0.5611278099584998,
      "gof_per_category": {
        "0": 0.554624312813125,
        "1": 0.5663403531470612
      }
    }
  },
  "v8": {
    "2": {
      "gen_match": 0.834375,
      "valid": 960,
      "per_category": {
        "0": {
          "accuracy": 0.8166666666666667,
          "n": 480,
          "correct": 392
        },
        "1": {
          "accuracy": 0.8520833333333333,
          "n": 480,
          "correct": 409
        }
      },
      "mean_surprise": 0.9747556248918265,
      "median_surprise": 1.0,
      "gof": 0.7631557149141561,
      "gof_per_category": {
        "0": 0.7047639653022193,
        "1": 0.8085841627845024
      }
    },
    "4": {
      "gen_match": 0.83125,
      "valid": 960,
      "per_category": {
        "0": {
          "accuracy": 0.8125,
          "n": 480,
          "correct": 390
        },
        "1": {
          "accuracy": 0.85,
          "n": 480,
          "correct": 408
        }
      },
      "mean_surprise": 0.9747556248918265,
      "median_surprise": 1.0,
      "gof": 0.7510321319198767,
      "gof_per_category": {
        "0": 0.6884173377941525,
        "1": 0.8001567380388687
      }
    },
    "6": {
      "gen_match": 0.84375,
      "valid": 960,
      "per_category": {
        "0": {
          "accuracy": 0.825,
          "n": 480,
          "correct": 396
        },
        "1": {
          "accuracy": 0.8625,
          "n": 480,
          "correct": 414
        }
      },
      "mean_surprise": 0.9747556248918265,
      "median_surprise": 1.0,
      "gof": 0.5512966086058253,
      "gof_per_category": {
        "0": 0.5395973503789411,
        "1": 0.5605840547006098
      }
    },
    "8": {
      "gen_match": 0.8395833333333333,
      "valid": 960,
      "per_category": {
        "0": {
          "accuracy": 0.8229166666666666,
          "n": 480,
          "correct": 395
        },
        "1": {
          "accuracy": 0.85625,
          "n": 480,
          "correct": 411
        }
      },
      "mean_surprise": 0.9747556248918265,
      "median_surprise": 1.0,
      "gof": 0.5512966086058253,
      "gof_per_category": {
        "0": 0.5395973503789411,
        "1": 0.5605840547006098
      }
    }
  }
}