{
  "v7": {
    "1": {
      "gen_match": 0.6375,
      "valid": 960,
      "per_category": {
        "0": {
          "accuracy": 0.6333333333333333,
          "n": 480,
          "correct": 304
        },
        "1": {
          "accuracy": 0.6416666666666667,
          "n": 480,
          "correct": 308
        }
      },
      "mean_surprise": 0.9747556248918265,
      "median_surprise": 1.0,
      "gof": 0.7354130621252464,
      "gof_per_category": {
        "0": 0.6960795001130615,
        "1": 0.7643155062564131
      }
    },
    "2": {
      "gen_match": 0.7583333333333333,
      "valid": 960,
      "per_category": {
        "0": {
          "accuracy": 0.7416666666666667,
          "n": 480,
          "correct": 356
        },
        "1": {
          "accuracy": 0.775,
          "n": 480,
          "correct": 372
        }
      },
      "mean_surprise": 0.9747556248918265,
      "median_surprise": 1.0,
      "gof": 0.7399642491398125,
      "gof_per_category": {
        "0": 0.7110983546482591,
        "1": 0.7598398932498646
      }
    },
    "3": {
      "gen_match": 0.640625,
      "valid": 960,
      "per_category": {
        "0": {
          "accuracy": 0.6333333333333333,
          "n": 480,
          "correct": 304
        },
        "1": {
          "accuracy": 0.6479166666666667,
          "n": 480,
          "correct": 311
        }
      },
      "mean_surprise": 0.9747556248918265,
      "median_surprise": 1.0,
      "gof": 0.7395539315434607,
      "gof_per_category": {
        "0": 0.6997741582638948,
        "1": 0.7683316256478329
      }
    },
    "4": {
      "gen_match": 0.7583333333333333,
      "valid": 960,
      "per_category": {
        "0": {
          "accuracy": 0.7458333333333333,
          "n": 480,
          "correct": 358
        },
        "1": {
          "accuracy": 0.7708333333333334,
          "n": 480,
          "correct": 370
        }
      },
      "mean_surprise": 0.9747556248918265,
      "median_surprise": 1.0,
      "gof": 0.7284131202055828,
      "gof_per_category": {
        "0": 0.6846312391621117,
        "1": 0.7606524546753755
      }
    },
    "5": {
      "gen_match": 0.6395833333333333,
      "valid": 960,
      "per_category": {
        "0": {
          "accuracy": 0.63125,
          "n": 480,
          "correct": 303
        },
        "1": {
          "accuracy": 0.6479166666666667,
          "n": 480,
          "correct": 311
        }
      },
      "mean_surprise": 0.9747556248918265,
      "median_surprise": 1.0,
      "gof": 0.5512966086058253,
      "gof_per_category": {
        "0": 0.5395973503789411,
        "1": 0.5605840547006098
      }
    },
    "6": {
      "gen_match": 0.7354166666666667,
      "valid": 960,
      "per_category": {
        "0": {
          "accuracy": 0.7333333333333333,
          "n": 480,
          "correct": 352
        },
        "1": {
          "accuracy": 0.7375,
          "n": 480,
          "correct": 354
        }
      },
      "mean_surprise": 0.9747556248918265,
      "median_surprise": 1.0,
      "gof": 0.5512966086058253,
      "gof_per_category": {
        "0": 0.5395973503789411,
        "1": 0.5605840547006098
      }
    },
    "7": {
      "gen_match": 0.61875,
      "valid": 960,
      "per_category": {
        "0": {
          "accuracy": 0.6,
          "n": 480,
          "correct": 288
        },
        "1": {
          "accuracy": 0.6375,
          "n": 480,
          "correct": 306
        }
      },
      "mean_surprise": 0.9747556248918265,
      "median_surprise": 1.0,
      "gof": 0.5512966086058253,
      "gof_per_category": {
        "0": 0.5395973503789411,
        "1": 0.5605840547006098
      }
    },
    "8": {
      "gen_match": 0.7239583333333334,
      "valid": 960,
      "per_category": {
        "0": {
          "accuracy": 0.70625,
          "n": 480,
          "correct": 339
        },
        "1": {
          "accuracy": 0.7416666666666667,
          "n": 480,
          "correct": 356
        }
      },
      "mean_surprise": 0.9747556248918265,
      "median_surprise": 1.0,
      "gof": 0.5512966086058253,
      "gof_per_category": {
        "0": 0.5395973503789411,
        "1": 0.5605840547006098
      }
    }
  },
  "v8": {
    "1": {
      "gen_match": 0.6739583333333333,
      "valid": 960,
      "per_category": {
        "0": {
          "accuracy": 0.6833333333333333,
          "n": 480,
          "correct": 328
        },
        "1": {
          "accuracy": 0.6645833333333333,
          "n": 480,
          "correct": 319
        }
      },
      "mean_surprise": 0.96323619778145,
      "median_surprise": 1.0,
      "gof": 0.7511762459512705,
      "gof_per_category": {
        "0": 0.7043940956216906,
        "1": 0.7823179011785806
      }
    },
    "2": {
      "gen_match": 0.7927083333333333,
      "valid": 960,
      "per_category": {
        "0": {
          "accuracy": 0.7958333333333333,
          "n": 480,
          "correct": 382
        },
        "1": {
          "accuracy": 0.7895833333333333,
          "n": 480,
          "correct": 379
        }
      },
      "mean_surprise": 0.96323619778145,
      "median_surprise": 1.0,
      "gof": 0.724474462981834,
      "gof_per_category": {
        "0": 0.6878692899359478,
        "1": 0.7477249394686525
      }
    },
    "3": {
      "gen_match": 0.6510416666666666,
      "valid": 960,
      "per_category": {
        "0": {
          "accuracy": 0.6625,
          "n": 480,
          "correct": 318
        },
        "1": {
          "accuracy": 0.6395833333333333,
          "n": 480,
          "correct": 307
        }
      },
      "mean_surprise": 0.96323619778145,
      "median_surprise": 1.0,
      "gof": 0.7408034490202018,
      "gof_per_category": {
        "0": 0.6965691185443914,
        "1": 0.7702995723101886
      }
    },
    "4": {
      "gen_match": 0.7958333333333333,
      "valid": 960,
      "per_category": {
        "0": {
          "accuracy": 0.7854166666666667,
          "n": 480,
          "correct": 377
        },
        "1": {
          "accuracy": 0.80625,
          "n": 480,
          "correct": 387
        }
      },
      "mean_surprise": 0.96323619778145,
      "median_surprise": 1.0,
      "gof": 0.715716261005545,
      "gof_per_category": {
        "0": 0.6779759818593787,
        "1": 0.7406941869525155
      }
    },
    "5": {
      "gen_match": 0.66875,
      "valid": 960,
      "per_category": {
        "0": {
          "accuracy": 0.7020833333333333,
          "n": 480,
          "correct": 337
        },
        "1": {
          "accuracy": 0.6354166666666666,
          "n": 480,
          "correct": 305
        }
      },
      "mean_surprise": 0.96323619778145,
      "median_surprise": 1.0,
      "gof": 0.5377382184687766,
      "gof_per_category": {
        "0": 0.5191048004610929,
        "1": 0.5524025328233155
      }
    },
    "6": {
      "gen_match": 0.7947916666666667,
      "valid": 960,
      "per_category": {
        "0": {
          "accuracy": 0.7833333333333333,
          "n": 480,
          "correct": 376
        },
        "1": {
          "accuracy": 0.80625,
          "n": 480,
          "correct": 387
        }
      },
      "mean_surprise": 0.96323619778145,
      "median_surprise": 1.0,
      "gof": 0.5377382184687766,
      "gof_per_category": {
        "0": 0.5191048004610929,
        "1": 0.5524025328233155
      }
    },
    "7": {
      "gen_match": 0.659375,
      "valid": 960,
      "per_category": {
        "0": {
          "accuracy": 0.6791666666666667,
          "n": 480,
          "correct": 326
        },
        "1": {
          "accuracy": 0.6395833333333333,
          "n": 480,
          "correct": 307
        }
      },
      "mean_surprise": 0.96323619778145,
      "median_surprise": 1.0,
      "gof": 0.5377382184687766,
      "gof_per_category": {
        "0": 0.5191048004610929,
        "1": 0.5524025328233155
      }
    },