{
  "v7": {
    "1": {
      "gen_match": 0.5375,
      "valid": 960,
      "per_category": {
        "0": {
          "accuracy": 0.48333333333333334,
          "n": 480,
          "correct": 232
        },
        "1": {
          "accuracy": 0.5916666666666667,
          "n": 480,
          "correct": 284
        }
      },
      "mean_surprise": 1.7030988379976881,
      "median_surprise": 1.415037499278844,
      "gof": 0.8068414228359551,
      "gof_per_category": {
        "0": 0.7723018631785976,
        "1": 0.8406745239920572
      }
    },
    "2": {
      "gen_match": 0.675,
      "valid": 960,
      "per_category": {
        "0": {
          "accuracy": 0.68125,
          "n": 480,
          "correct": 327
        },
        "1": {
          "accuracy": 0.66875,
          "n": 480,
          "correct": 321
        }
      },
      "mean_surprise": 1.7030988379976881,
      "median_surprise": 1.415037499278844,
      "gof": 0.7925487764852238,
      "gof_per_category": {
        "0": 0.8224721548487876,
        "1": 0.7646292889510794
      }
    },
    "3": {
      "gen_match": 0.5583333333333333,
      "valid": 960,
      "per_category": {
        "0": {
          "accuracy": 0.58125,
          "n": 480,
          "correct": 279
        },
        "1": {
          "accuracy": 0.5354166666666667,
          "n": 480,
          "correct": 257
        }
      },
      "mean_surprise": 1.7030988379976881,
      "median_surprise": 1.415037499278844,
      "gof": 0.6348306720093586,
      "gof_per_category": {
        "0": 0.6174517830086454,
        "1": 0.6522095610100733
      }
    },
    "4": {
      "gen_match": 0.7,
      "valid": 960,
      "per_category": {
        "0": {
          "accuracy": 0.7104166666666667,
          "n": 480,
          "correct": 341
        },
        "1": {
          "accuracy": 0.6895833333333333,
          "n": 480,
          "correct": 331
        }
      },
      "mean_surprise": 1.7030988379976881,
      "median_surprise": 1.415037499278844,
      "gof": 0.6348306720093586,
      "gof_per_category": {
        "0": 0.6174517830086454,
        "1": 0.6522095610100733
      }
    }
  },
  "v8": {
    "1": {
      "gen_match": 0.5479166666666667,
      "valid": 960,
      "per_category": {
        "0": {
          "accuracy": 0.47708333333333336,
          "n": 480,
          "correct": 229
        },
        "1": {
          "accuracy": 0.61875,
          "n": 480,
          "correct": 297
        }
      },
      "mean_surprise": 1.736438794656248,
      "median_surprise": 2.0,
      "gof": 0.8161651002120505,
      "gof_per_category": {
        "0": 0.7882959654649229,
        "1": 0.8444676359710402
      }
    },
    "2": {
      "gen_match": 0.73125,
      "valid": 960,
      "per_category": {
        "0": {
          "accuracy": 0.7020833333333333,
          "n": 480,
          "correct": 337
        },
        "1": {
          "accuracy": 0.7604166666666666,
          "n": 480,
          "correct": 365
        }
      },
      "mean_surprise": 1.736438794656248,
      "median_surprise": 2.0,
      "gof": 0.8095929046793161,
      "gof_per_category": {
        "0": 0.8143494117965143,
        "1": 0.8047948325715525
      }
    },
    "3": {
      "gen_match": 0.540625,
      "valid": 960,
      "per_category": {
        "0": {
          "accuracy": 0.53125,
          "n": 480,
          "correct": 255
        },
        "1": {
          "accuracy": 0.55,
          "n": 480,
          "correct": 264
        }
      },
      "mean_surprise": 1.736438794656248,
      "median_surprise": 2.0,
      "gof": 0.642123337652688,
      "gof_per_category": {
        "0": 0.6438505455741594,
        "1": 0.6403961297312158
      }
    },
    "4": {
      "gen_match": 0.7333333333333333,
      "valid": 960,
      "per_category": {
        "0": {
          "accuracy": 0.7020833333333333,
          "n": 480,
          "correct": 337
        },
        "1": {
          "accuracy": 0.7645833333333333,
          "n": 480,
          "correct": 367
        }
      },
      "mean_surprise": 1.736438794656248,
      "median_surprise": 2.0,
      "gof": 0.642123337652688,
      "gof_per_category": {
        "0": 0.6438505455741594,
        "1": 0.6403961297312158
      }
    }
  }
}